{
    "PatchName": "allapps offset fix (All Apps)",
    "AuthorName": "SodaSoba",
    "TargetName": "Flaunch.szs",
    "ID": "Generated_6f841d0a-904e-4075-ab3b-b246022eabb2",
    "Files": [
        {
            "FileName": "blyt/FlcGrpMain.bflyt",
            "Patches": [
                {
                    "PaneName": "L_BgNml",
                    "Position": {}
                },
                {
                    "PaneName": "N_Header",
                    "Position": {
                        "Y": 360
                    }
                },
                {
                    "PaneName": "N_PosCnt",
                    "Position": {}
                },
                {
                    "PaneName": "N_Cnt",
                    "Position": {
                        "Y": -50
                    }
                },
                {
                    "PaneName": "N_Top",
                    "Position": {
                        "Y": -50
                    }
                }
            ]
        },
        {
            "FileName": "blyt/DBtmFlcSortAndFilter.bflyt",
            "Patches": [
                {
                    "PaneName": "N_Center",
                    "Position": {
                        "Y": 360
                    }
                },
                {
                    "PaneName": "B_Content",
                    "Size": {
                        "X": 1280,
                        "Y": 720
                    }
                },
                {
                    "PaneName": "L_Head",
                    "Position": {
                        "Y": 50
                    }
                },
                {
                    "PaneName": "N_ScrollRoot",
                    "Position": {
                        "Y": 50
                    }
                }
            ]
        },
        {
            "FileName": "blyt/FlcGrpList.bflyt",
            "Patches": [
                {
                    "PaneName": "N_PosAll",
                    "Position": {}
                },
                {
                    "PaneName": "NH_Root",
                    "Position": {
                        "Y": -50
                    }
                },
                {
                    "PaneName": "N_Top",
                    "Position": {
                        "Y": 50
                    }
                }
            ],
            "Materials": [
                {
                    "MaterialName": "T_00",
                    "ForegroundColor": "00000000"
                },
                {
                    "MaterialName": "T_00",
                    "ForegroundColor": "00000000"
                },
                {
                    "MaterialName": "T_00",
                    "ForegroundColor": "00000000"
                }
            ]
        }
    ]
}